{
  "metrics/accuracy_top1": 0.8931756019592285,
  "metrics/accuracy_top5": 0.9904252290725708,
  "fitness": 0.9418004155158997
}